{
    "bosses": [
        {
            "nivelMaldade": 3,
            "numVida": 3,
            "x": 550,
            "y": 200
        },
        {
            "nivelMaldade": 3,
            "numVida": 3,
            "x": 450,
            "y": 200
        }
    ],
    "levelName": "Inferno de Dante",
    "mediumEnemies": [],
    "player1": {
        "isAlive": true,
        "isOnGround": true,
        "numVidas": 20,
        "velocityX": 0.0,
        "velocityY": 0.0,
        "x": 340.6696472167969,
        "y": 444.0
    },
    "player2": {
        "isAlive": true,
        "isOnGround": true,
        "numVidas": 18,
        "velocityX": 0.0,
        "velocityY": 0.0,
        "x": 2.291229009628296,
        "y": 447.0000305175781
    },
    "playerMode": 1,
    "projectiles": [
        {
            "ativo": true,
            "dono": 0,
            "posicao": [
                758.5984497070313,
                444.0
            ],
            "tempoDeVida": 8.21894645690918,
            "velocidade": [
                10.0,
                0.0
            ]
        },
        {
            "ativo": true,
            "dono": 1,
            "posicao": [
                428.24603271484375,
                111.00001525878906
            ],
            "tempoDeVida": 38.75968933105469,
            "velocidade": [
                -10.0,
                0.0
            ]
        },
        {
            "ativo": true,
            "dono": 1,
            "posicao": [
                437.5474853515625,
                111.00001525878906
            ],
            "tempoDeVida": 38.75968933105469,
            "velocidade": [
                -10.0,
                0.0
            ]
        }
    ],
    "token": "ObliviionSaveData",
    "weakEnemies": [
        {
            "nivelMaldade": 1,
            "numVida": 1,
            "x": 540,
            "y": 200
        }
    ]
}